Complexity,Loss,Equation
1,1.892602,"x"
3,0.9195629,"x + 0.9864565"
5,0.00010349354,"(x * 1.9999095) + 0.9995553"
7,0.00010349345,"((x * 2.9999096) + 0.99955493) - x"
9,0.00010349325,"(((x + x) * 1.4999546) + 0.99955297) - x"
